,Compound Score,Date,Negative Score,Neutral Score,Postive Score,Tweets Ago,Username
0,0.796,Thu Jun 07 16:02:03 +0000 2018,0.0,0.53,0.47,1,@BBC
1,-0.557,Wed Jun 06 12:21:20 +0000 2018,0.153,0.847,0.0,2,@BBC
2,0.71,Tue Jun 05 10:34:07 +0000 2018,0.0,0.763,0.237,3,@BBC
3,0.178,Sun Jun 03 20:42:07 +0000 2018,0.165,0.683,0.153,4,@BBC
4,0.296,Sat Jun 02 17:05:04 +0000 2018,0.086,0.779,0.135,5,@BBC
5,0.572,Fri Jun 01 12:32:03 +0000 2018,0.0,0.684,0.316,6,@BBC
6,0.827,Thu May 31 13:03:35 +0000 2018,0.0,0.726,0.274,7,@BBC
7,0.296,Wed May 30 11:40:40 +0000 2018,0.0,0.885,0.115,8,@BBC
8,0.773,Tue May 29 13:06:52 +0000 2018,0.0,0.731,0.269,9,@BBC
9,0.0,Mon May 28 13:05:07 +0000 2018,0.0,1.0,0.0,10,@BBC
10,0.0,Sun May 27 17:38:48 +0000 2018,0.0,1.0,0.0,11,@BBC
11,0.0,Sun May 27 09:04:07 +0000 2018,0.0,1.0,0.0,12,@BBC
12,0.772,Sat May 26 15:28:00 +0000 2018,0.0,0.705,0.295,13,@BBC
13,0.0,Fri May 25 18:06:03 +0000 2018,0.0,1.0,0.0,14,@BBC
14,0.0,Fri May 25 07:01:02 +0000 2018,0.0,1.0,0.0,15,@BBC
15,-0.456,Wed May 23 12:02:05 +0000 2018,0.124,0.876,0.0,16,@BBC
16,-0.153,Tue May 22 10:03:02 +0000 2018,0.146,0.732,0.122,17,@BBC
17,-0.599,Mon May 21 13:02:02 +0000 2018,0.219,0.781,0.0,18,@BBC
18,0.0,Sun May 20 12:33:00 +0000 2018,0.0,1.0,0.0,19,@BBC
19,0.477,Sat May 19 12:30:53 +0000 2018,0.0,0.78,0.22,20,@BBC
20,0.0,Sat May 19 09:45:06 +0000 2018,0.0,1.0,0.0,21,@BBC
21,0.0,Fri May 18 20:20:40 +0000 2018,0.0,1.0,0.0,22,@BBC
22,0.361,Fri May 18 09:31:00 +0000 2018,0.0,0.878,0.122,23,@BBC
23,-0.44,Thu May 17 12:39:09 +0000 2018,0.162,0.838,0.0,24,@BBC
24,-0.459,Wed May 16 09:17:35 +0000 2018,0.16,0.782,0.058,25,@BBC
25,-0.558,Tue May 15 09:44:58 +0000 2018,0.231,0.672,0.097,26,@BBC
26,0.624,Sun May 13 22:05:33 +0000 2018,0.0,0.687,0.313,27,@BBC
27,0.0,Sun May 13 13:47:54 +0000 2018,0.0,1.0,0.0,28,@BBC
28,-0.59,Sat May 12 19:33:03 +0000 2018,0.184,0.816,0.0,29,@BBC
29,0.178,Fri May 11 18:03:03 +0000 2018,0.134,0.695,0.171,30,@BBC
30,-0.382,Thu May 10 17:02:05 +0000 2018,0.157,0.843,0.0,31,@BBC
31,0.784,Wed May 09 14:01:53 +0000 2018,0.0,0.615,0.385,32,@BBC
32,0.611,Tue May 08 13:31:10 +0000 2018,0.0,0.826,0.174,33,@BBC
33,0.0,Mon May 07 15:06:05 +0000 2018,0.0,1.0,0.0,34,@BBC
34,0.382,Sun May 06 10:08:03 +0000 2018,0.0,0.88,0.12,35,@BBC
35,0.25,Fri May 04 18:01:04 +0000 2018,0.0,0.778,0.222,36,@BBC
36,0.637,Thu May 03 18:34:03 +0000 2018,0.0,0.811,0.189,37,@BBC
37,-0.422,Thu May 03 08:00:14 +0000 2018,0.167,0.833,0.0,38,@BBC
38,0.44,Tue May 01 18:09:04 +0000 2018,0.088,0.737,0.175,39,@BBC
39,0.153,Tue May 01 06:04:00 +0000 2018,0.055,0.864,0.082,40,@BBC
40,0.296,Sun Apr 29 18:00:24 +0000 2018,0.0,0.879,0.121,41,@BBC
41,-0.637,Sat Apr 28 20:01:07 +0000 2018,0.25,0.652,0.098,42,@BBC
42,-0.778,Fri Apr 27 15:01:05 +0000 2018,0.286,0.714,0.0,43,@BBC
43,0.0,Thu Apr 26 14:13:03 +0000 2018,0.0,1.0,0.0,44,@BBC
44,0.0,Wed Apr 25 11:00:09 +0000 2018,0.0,1.0,0.0,45,@BBC
45,0.612,Tue Apr 24 10:08:25 +0000 2018,0.0,0.821,0.179,46,@BBC
46,-0.599,Mon Apr 23 11:00:19 +0000 2018,0.262,0.738,0.0,47,@BBC
47,0.0,Sun Apr 22 12:00:40 +0000 2018,0.0,1.0,0.0,48,@BBC
48,0.572,Sat Apr 21 15:01:06 +0000 2018,0.115,0.545,0.339,49,@BBC
49,0.0,Fri Apr 20 14:18:19 +0000 2018,0.0,1.0,0.0,50,@BBC
50,-0.422,Thu Apr 19 16:00:20 +0000 2018,0.128,0.872,0.0,51,@BBC
51,0.735,Wed Apr 18 10:26:27 +0000 2018,0.052,0.747,0.201,52,@BBC
52,0.572,Tue Apr 17 10:15:33 +0000 2018,0.0,0.821,0.179,53,@BBC
53,0.25,Mon Apr 16 12:01:05 +0000 2018,0.0,0.882,0.118,54,@BBC
54,0.0,Sun Apr 15 11:26:01 +0000 2018,0.0,1.0,0.0,55,@BBC
55,0.0,Sat Apr 14 13:15:42 +0000 2018,0.0,1.0,0.0,56,@BBC
56,0.411,Fri Apr 13 15:31:14 +0000 2018,0.0,0.789,0.211,57,@BBC
57,0.459,Thu Apr 12 14:08:44 +0000 2018,0.0,0.812,0.188,58,@BBC
58,0.0,Wed Apr 11 13:04:48 +0000 2018,0.0,1.0,0.0,59,@BBC
59,0.735,Tue Apr 10 15:28:35 +0000 2018,0.0,0.78,0.22,60,@BBC
60,0.0,Mon Apr 09 16:34:07 +0000 2018,0.0,1.0,0.0,61,@BBC
61,-0.318,Mon Apr 09 07:27:04 +0000 2018,0.103,0.897,0.0,62,@BBC
62,0.572,Sat Apr 07 18:00:22 +0000 2018,0.0,0.748,0.252,63,@BBC
63,0.0,Fri Apr 06 17:32:05 +0000 2018,0.0,1.0,0.0,64,@BBC
64,0.0,Fri Apr 06 08:00:17 +0000 2018,0.0,1.0,0.0,65,@BBC
65,0.324,Thu Apr 05 08:57:48 +0000 2018,0.0,0.9,0.1,66,@BBC
66,-0.542,Wed Apr 04 09:11:29 +0000 2018,0.209,0.791,0.0,67,@BBC
67,0.586,Tue Apr 03 12:01:00 +0000 2018,0.0,0.769,0.231,68,@BBC
68,0.0,Mon Apr 02 10:02:06 +0000 2018,0.0,1.0,0.0,69,@BBC
69,0.0,Sun Apr 01 12:00:24 +0000 2018,0.0,1.0,0.0,70,@BBC
70,0.527,Sat Mar 31 13:01:05 +0000 2018,0.176,0.546,0.277,71,@BBC
71,0.0,Fri Mar 30 15:10:56 +0000 2018,0.0,1.0,0.0,72,@BBC
72,0.0,Thu Mar 29 15:31:22 +0000 2018,0.0,1.0,0.0,73,@BBC
73,0.0,Wed Mar 28 11:49:07 +0000 2018,0.0,1.0,0.0,74,@BBC
74,-0.306,Tue Mar 27 15:36:22 +0000 2018,0.134,0.866,0.0,75,@BBC
75,-0.382,Mon Mar 26 15:45:04 +0000 2018,0.155,0.754,0.091,76,@BBC
76,0.0,Sun Mar 25 12:03:02 +0000 2018,0.0,1.0,0.0,77,@BBC
77,0.187,Sat Mar 24 12:33:04 +0000 2018,0.0,0.902,0.098,78,@BBC
78,0.494,Fri Mar 23 13:03:02 +0000 2018,0.0,0.741,0.259,79,@BBC
79,0.418,Thu Mar 22 15:00:43 +0000 2018,0.0,0.859,0.141,80,@BBC
80,0.494,Wed Mar 21 16:30:07 +0000 2018,0.0,0.873,0.127,81,@BBC
81,-0.386,Tue Mar 20 18:33:01 +0000 2018,0.16,0.768,0.071,82,@BBC
82,0.0,Tue Mar 20 08:03:03 +0000 2018,0.0,1.0,0.0,83,@BBC
83,0.128,Mon Mar 19 09:57:58 +0000 2018,0.079,0.789,0.133,84,@BBC
84,0.0,Sun Mar 18 12:29:50 +0000 2018,0.0,1.0,0.0,85,@BBC
85,0.511,Sat Mar 17 12:00:09 +0000 2018,0.112,0.643,0.245,86,@BBC
86,0.649,Fri Mar 16 09:35:50 +0000 2018,0.0,0.813,0.187,87,@BBC
87,0.0,Thu Mar 15 08:30:08 +0000 2018,0.0,1.0,0.0,88,@BBC
88,-0.226,Wed Mar 14 11:30:12 +0000 2018,0.119,0.881,0.0,89,@BBC
89,0.25,Tue Mar 13 12:00:09 +0000 2018,0.0,0.9,0.1,90,@BBC
90,0.0,Mon Mar 12 12:46:06 +0000 2018,0.0,1.0,0.0,91,@BBC
91,0.0,Sun Mar 11 19:50:11 +0000 2018,0.0,1.0,0.0,92,@BBC
92,0.715,Sun Mar 11 09:33:16 +0000 2018,0.0,0.834,0.166,93,@BBC
93,0.88,Sat Mar 10 15:59:11 +0000 2018,0.0,0.596,0.404,94,@BBC
94,0.417,Sat Mar 10 09:00:06 +0000 2018,0.0,0.888,0.112,95,@BBC
95,0.439,Fri Mar 09 09:00:04 +0000 2018,0.0,0.818,0.182,96,@BBC
96,0.0,Thu Mar 08 12:30:04 +0000 2018,0.0,1.0,0.0,97,@BBC
97,0.0,Wed Mar 07 17:13:49 +0000 2018,0.0,1.0,0.0,98,@BBC
98,-0.103,Tue Mar 06 17:30:07 +0000 2018,0.185,0.65,0.165,99,@BBC
99,0.0,Mon Mar 05 14:48:43 +0000 2018,0.0,1.0,0.0,100,@BBC
100,-0.318,Fri Jun 08 16:35:19 +0000 2018,0.141,0.859,0.0,1,@CBSNews
101,-0.142,Fri Jun 08 12:43:25 +0000 2018,0.066,0.934,0.0,2,@CBSNews
102,-0.052,Fri Jun 08 11:06:45 +0000 2018,0.059,0.941,0.0,3,@CBSNews
103,0.0,Fri Jun 08 06:48:04 +0000 2018,0.0,1.0,0.0,4,@CBSNews
104,-0.557,Fri Jun 08 01:59:43 +0000 2018,0.167,0.833,0.0,5,@CBSNews
105,0.128,Thu Jun 07 21:04:35 +0000 2018,0.06,0.854,0.085,6,@CBSNews
106,0.0,Thu Jun 07 18:24:29 +0000 2018,0.0,1.0,0.0,7,@CBSNews
107,0.0,Thu Jun 07 14:02:43 +0000 2018,0.0,1.0,0.0,8,@CBSNews
108,-0.66,Thu Jun 07 11:36:05 +0000 2018,0.219,0.731,0.05,9,@CBSNews
109,0.0,Thu Jun 07 10:03:05 +0000 2018,0.0,1.0,0.0,10,@CBSNews
110,-0.382,Thu Jun 07 05:03:03 +0000 2018,0.178,0.822,0.0,11,@CBSNews
111,0.318,Wed Jun 06 23:15:01 +0000 2018,0.0,0.845,0.155,12,@CBSNews
112,0.038,Wed Jun 06 18:55:40 +0000 2018,0.095,0.801,0.104,13,@CBSNews
113,0.0,Wed Jun 06 15:09:40 +0000 2018,0.0,1.0,0.0,14,@CBSNews
114,0.0,Wed Jun 06 11:54:17 +0000 2018,0.0,1.0,0.0,15,@CBSNews
115,0.318,Wed Jun 06 10:19:56 +0000 2018,0.0,0.859,0.141,16,@CBSNews
116,0.0,Wed Jun 06 04:28:52 +0000 2018,0.0,1.0,0.0,17,@CBSNews
117,0.226,Tue Jun 05 23:54:30 +0000 2018,0.134,0.693,0.173,18,@CBSNews
118,0.0,Tue Jun 05 20:14:34 +0000 2018,0.0,1.0,0.0,19,@CBSNews
119,-0.9,Tue Jun 05 17:14:40 +0000 2018,0.5,0.5,0.0,20,@CBSNews
120,0.402,Tue Jun 05 13:33:14 +0000 2018,0.065,0.791,0.144,21,@CBSNews
121,0.625,Tue Jun 05 12:13:42 +0000 2018,0.0,0.769,0.231,22,@CBSNews
122,0.402,Tue Jun 05 11:10:47 +0000 2018,0.0,0.863,0.137,23,@CBSNews
123,0.0,Tue Jun 05 07:03:04 +0000 2018,0.0,1.0,0.0,24,@CBSNews
124,-0.077,Tue Jun 05 01:49:47 +0000 2018,0.142,0.729,0.13,25,@CBSNews
125,0.632,Mon Jun 04 19:30:09 +0000 2018,0.0,0.828,0.172,26,@CBSNews
126,0.557,Mon Jun 04 15:29:31 +0000 2018,0.0,0.769,0.231,27,@CBSNews
127,0.0,Mon Jun 04 12:40:38 +0000 2018,0.0,1.0,0.0,28,@CBSNews
128,-0.494,Mon Jun 04 11:05:54 +0000 2018,0.167,0.833,0.0,29,@CBSNews
129,-0.67,Mon Jun 04 06:18:04 +0000 2018,0.257,0.743,0.0,30,@CBSNews
130,-0.361,Mon Jun 04 00:40:35 +0000 2018,0.143,0.857,0.0,31,@CBSNews
131,-0.612,Sun Jun 03 21:03:27 +0000 2018,0.202,0.734,0.064,32,@CBSNews
132,-0.318,Sun Jun 03 15:14:24 +0000 2018,0.095,0.905,0.0,33,@CBSNews
133,0.527,Sun Jun 03 10:03:05 +0000 2018,0.0,0.746,0.254,34,@CBSNews
134,-0.34,Sun Jun 03 05:03:06 +0000 2018,0.194,0.806,0.0,35,@CBSNews
135,0.477,Sat Jun 02 23:19:43 +0000 2018,0.0,0.86,0.14,36,@CBSNews
136,0.0,Sat Jun 02 16:41:30 +0000 2018,0.0,1.0,0.0,37,@CBSNews
137,0.361,Sat Jun 02 10:48:04 +0000 2018,0.0,0.848,0.152,38,@CBSNews
138,0.0,Sat Jun 02 05:48:04 +0000 2018,0.0,1.0,0.0,39,@CBSNews
139,0.0,Sat Jun 02 00:10:52 +0000 2018,0.0,1.0,0.0,40,@CBSNews
140,0.0,Fri Jun 01 20:09:07 +0000 2018,0.0,1.0,0.0,41,@CBSNews
141,0.612,Fri Jun 01 17:07:30 +0000 2018,0.0,0.815,0.185,42,@CBSNews
142,0.422,Fri Jun 01 12:38:15 +0000 2018,0.0,0.872,0.128,43,@CBSNews
143,-0.494,Fri Jun 01 11:23:11 +0000 2018,0.219,0.781,0.0,44,@CBSNews
144,0.153,Fri Jun 01 07:48:04 +0000 2018,0.0,0.909,0.091,45,@CBSNews
145,-0.226,Fri Jun 01 02:40:43 +0000 2018,0.195,0.677,0.128,46,@CBSNews
146,-0.459,Thu May 31 22:01:04 +0000 2018,0.19,0.81,0.0,47,@CBSNews
147,-0.077,Thu May 31 17:14:53 +0000 2018,0.117,0.779,0.104,48,@CBSNews
148,0.0,Thu May 31 12:57:18 +0000 2018,0.0,1.0,0.0,49,@CBSNews
149,0.0,Thu May 31 11:15:09 +0000 2018,0.0,1.0,0.0,50,@CBSNews
150,0.0,Thu May 31 07:18:04 +0000 2018,0.0,1.0,0.0,51,@CBSNews
151,0.0,Thu May 31 01:59:53 +0000 2018,0.0,1.0,0.0,52,@CBSNews
152,-0.836,Wed May 30 20:14:31 +0000 2018,0.331,0.669,0.0,53,@CBSNews
153,0.681,Wed May 30 16:40:51 +0000 2018,0.0,0.789,0.211,54,@CBSNews
154,-0.44,Wed May 30 13:29:41 +0000 2018,0.209,0.791,0.0,55,@CBSNews
155,0.361,Wed May 30 11:19:53 +0000 2018,0.066,0.798,0.136,56,@CBSNews
156,-0.637,Wed May 30 08:03:04 +0000 2018,0.344,0.656,0.0,57,@CBSNews
157,0.0,Wed May 30 03:03:04 +0000 2018,0.0,1.0,0.0,58,@CBSNews
158,-0.296,Tue May 29 22:40:08 +0000 2018,0.115,0.885,0.0,59,@CBSNews
159,0.128,Tue May 29 17:10:01 +0000 2018,0.115,0.705,0.181,60,@CBSNews
160,0.896,Tue May 29 12:50:43 +0000 2018,0.0,0.638,0.362,61,@CBSNews
161,-0.103,Tue May 29 11:18:39 +0000 2018,0.072,0.928,0.0,62,@CBSNews
162,-0.25,Tue May 29 08:48:03 +0000 2018,0.273,0.568,0.159,63,@CBSNews
163,0.0,Tue May 29 03:48:04 +0000 2018,0.0,1.0,0.0,64,@CBSNews
164,0.511,Mon May 28 22:52:35 +0000 2018,0.0,0.845,0.155,65,@CBSNews
165,0.318,Mon May 28 18:34:10 +0000 2018,0.0,0.887,0.113,66,@CBSNews
166,-0.19,Mon May 28 15:23:01 +0000 2018,0.074,0.926,0.0,67,@CBSNews
167,-0.402,Mon May 28 12:07:00 +0000 2018,0.13,0.87,0.0,68,@CBSNews
168,0.44,Mon May 28 10:41:57 +0000 2018,0.0,0.838,0.162,69,@CBSNews
169,-0.511,Mon May 28 05:48:06 +0000 2018,0.191,0.809,0.0,70,@CBSNews
170,0.0,Mon May 28 01:19:43 +0000 2018,0.0,1.0,0.0,71,@CBSNews
171,-0.477,Sun May 27 18:19:32 +0000 2018,0.162,0.838,0.0,72,@CBSNews
172,0.0,Sun May 27 12:18:06 +0000 2018,0.0,1.0,0.0,73,@CBSNews
173,0.0,Sun May 27 07:33:05 +0000 2018,0.0,1.0,0.0,74,@CBSNews
174,0.273,Sun May 27 02:18:04 +0000 2018,0.0,0.87,0.13,75,@CBSNews
175,-0.361,Sat May 26 23:03:05 +0000 2018,0.263,0.737,0.0,76,@CBSNews
176,0.361,Sat May 26 16:44:42 +0000 2018,0.092,0.711,0.197,77,@CBSNews
177,-0.402,Sat May 26 11:48:04 +0000 2018,0.252,0.748,0.0,78,@CBSNews
178,0.402,Sat May 26 06:48:03 +0000 2018,0.0,0.828,0.172,79,@CBSNews
179,-0.778,Sat May 26 01:24:43 +0000 2018,0.315,0.685,0.0,80,@CBSNews
180,0.026,Fri May 25 22:29:43 +0000 2018,0.0,0.939,0.061,81,@CBSNews
181,0.0,Fri May 25 16:45:05 +0000 2018,0.0,1.0,0.0,82,@CBSNews
182,0.273,Fri May 25 13:57:43 +0000 2018,0.0,0.9,0.1,83,@CBSNews
183,0.0,Fri May 25 11:52:03 +0000 2018,0.0,1.0,0.0,84,@CBSNews
184,0.25,Fri May 25 11:00:31 +0000 2018,0.0,0.909,0.091,85,@CBSNews
185,0.0,Fri May 25 06:33:03 +0000 2018,0.0,1.0,0.0,86,@CBSNews
186,-0.34,Fri May 25 01:14:46 +0000 2018,0.107,0.893,0.0,87,@CBSNews
187,0.0,Thu May 24 20:29:49 +0000 2018,0.0,1.0,0.0,88,@CBSNews
188,0.402,Thu May 24 16:08:50 +0000 2018,0.0,0.876,0.124,89,@CBSNews
189,0.0,Thu May 24 14:13:43 +0000 2018,0.0,1.0,0.0,90,@CBSNews
190,0.599,Thu May 24 12:22:17 +0000 2018,0.0,0.822,0.178,91,@CBSNews
191,-0.751,Thu May 24 11:00:38 +0000 2018,0.348,0.652,0.0,92,@CBSNews
192,0.0,Thu May 24 06:48:03 +0000 2018,0.0,1.0,0.0,93,@CBSNews
193,-0.026,Thu May 24 01:09:37 +0000 2018,0.097,0.81,0.093,94,@CBSNews
194,0.681,Wed May 23 21:30:59 +0000 2018,0.0,0.833,0.167,95,@CBSNews
195,-0.052,Wed May 23 16:38:02 +0000 2018,0.144,0.72,0.136,96,@CBSNews
196,0.445,Wed May 23 12:42:09 +0000 2018,0.0,0.836,0.164,97,@CBSNews
197,0.0,Wed May 23 11:19:26 +0000 2018,0.0,1.0,0.0,98,@CBSNews
198,-0.758,Wed May 23 07:48:03 +0000 2018,0.371,0.629,0.0,99,@CBSNews
199,-0.026,Wed May 23 02:39:51 +0000 2018,0.091,0.909,0.0,100,@CBSNews
200,0.0,Fri Jun 08 20:16:00 +0000 2018,0.0,1.0,0.0,1,@CNN
201,0.0,Fri Jun 08 17:42:06 +0000 2018,0.0,1.0,0.0,2,@CNN
202,-0.36,Fri Jun 08 14:10:04 +0000 2018,0.146,0.773,0.082,3,@CNN
203,0.0,Fri Jun 08 12:21:08 +0000 2018,0.0,1.0,0.0,4,@CNN
204,0.0,Fri Jun 08 11:04:04 +0000 2018,0.0,1.0,0.0,5,@CNN
205,0.0,Fri Jun 08 09:39:05 +0000 2018,0.0,1.0,0.0,6,@CNN
206,0.422,Fri Jun 08 05:46:01 +0000 2018,0.0,0.781,0.219,7,@CNN
207,0.422,Fri Jun 08 02:06:00 +0000 2018,0.0,0.877,0.123,8,@CNN
208,0.0,Fri Jun 08 00:31:06 +0000 2018,0.0,1.0,0.0,9,@CNN
209,0.0,Thu Jun 07 23:26:02 +0000 2018,0.0,1.0,0.0,10,@CNN
210,0.25,Thu Jun 07 22:16:06 +0000 2018,0.0,0.9,0.1,11,@CNN
211,0.691,Thu Jun 07 20:41:03 +0000 2018,0.0,0.749,0.251,12,@CNN
212,0.422,Thu Jun 07 19:27:24 +0000 2018,0.0,0.877,0.123,13,@CNN
213,-0.296,Thu Jun 07 18:17:53 +0000 2018,0.115,0.885,0.0,14,@CNN
214,-0.541,Thu Jun 07 16:14:07 +0000 2018,0.28,0.72,0.0,15,@CNN
215,-0.25,Thu Jun 07 13:53:04 +0000 2018,0.125,0.875,0.0,16,@CNN
216,0.0,Thu Jun 07 12:07:06 +0000 2018,0.0,1.0,0.0,17,@CNN
217,-0.818,Thu Jun 07 09:55:06 +0000 2018,0.294,0.706,0.0,18,@CNN
218,-0.557,Thu Jun 07 06:01:02 +0000 2018,0.194,0.806,0.0,19,@CNN
219,-0.34,Thu Jun 07 02:48:39 +0000 2018,0.14,0.775,0.085,20,@CNN
220,0.0,Thu Jun 07 01:27:50 +0000 2018,0.0,1.0,0.0,21,@CNN
221,0.0,Wed Jun 06 23:36:05 +0000 2018,0.0,1.0,0.0,22,@CNN
222,0.649,Wed Jun 06 21:26:08 +0000 2018,0.0,0.739,0.261,23,@CNN
223,-0.128,Wed Jun 06 19:20:06 +0000 2018,0.14,0.742,0.118,24,@CNN
224,0.0,Wed Jun 06 17:22:41 +0000 2018,0.0,1.0,0.0,25,@CNN
225,-0.382,Wed Jun 06 15:01:56 +0000 2018,0.126,0.874,0.0,26,@CNN
226,0.0,Wed Jun 06 12:57:20 +0000 2018,0.0,1.0,0.0,27,@CNN
227,0.0,Wed Jun 06 10:10:02 +0000 2018,0.0,1.0,0.0,28,@CNN
228,0.765,Wed Jun 06 06:24:04 +0000 2018,0.0,0.742,0.258,29,@CNN
229,-0.493,Wed Jun 06 03:14:28 +0000 2018,0.138,0.862,0.0,30,@CNN
230,-0.494,Wed Jun 06 01:23:16 +0000 2018,0.138,0.862,0.0,31,@CNN
231,0.0,Tue Jun 05 23:31:07 +0000 2018,0.0,1.0,0.0,32,@CNN
232,0.103,Tue Jun 05 21:31:07 +0000 2018,0.135,0.705,0.16,33,@CNN
233,0.25,Tue Jun 05 18:20:06 +0000 2018,0.0,0.867,0.133,34,@CNN
234,-0.153,Tue Jun 05 15:20:03 +0000 2018,0.086,0.914,0.0,35,@CNN
235,0.0,Tue Jun 05 13:16:05 +0000 2018,0.0,1.0,0.0,36,@CNN
236,-0.153,Tue Jun 05 11:47:04 +0000 2018,0.11,0.89,0.0,37,@CNN
237,0.0,Tue Jun 05 10:42:05 +0000 2018,0.0,1.0,0.0,38,@CNN
238,0.473,Tue Jun 05 07:02:50 +0000 2018,0.0,0.854,0.146,39,@CNN
239,0.0,Tue Jun 05 04:01:04 +0000 2018,0.0,1.0,0.0,40,@CNN
240,0.128,Tue Jun 05 01:17:24 +0000 2018,0.105,0.766,0.129,41,@CNN
241,0.0,Mon Jun 04 23:31:19 +0000 2018,0.0,1.0,0.0,42,@CNN
242,-0.455,Mon Jun 04 21:33:05 +0000 2018,0.166,0.834,0.0,43,@CNN
243,0.0,Mon Jun 04 19:32:10 +0000 2018,0.0,1.0,0.0,44,@CNN
244,0.0,Mon Jun 04 17:21:00 +0000 2018,0.0,1.0,0.0,45,@CNN
245,0.0,Mon Jun 04 13:58:19 +0000 2018,0.0,1.0,0.0,46,@CNN
246,0.0,Mon Jun 04 10:32:00 +0000 2018,0.0,1.0,0.0,47,@CNN
247,0.0,Mon Jun 04 06:45:05 +0000 2018,0.0,1.0,0.0,48,@CNN
248,0.402,Mon Jun 04 02:15:06 +0000 2018,0.0,0.863,0.137,49,@CNN
249,0.0,Sun Jun 03 21:30:13 +0000 2018,0.0,1.0,0.0,50,@CNN
250,0.0,Sun Jun 03 16:30:13 +0000 2018,0.0,1.0,0.0,51,@CNN
251,0.0,Sun Jun 03 10:45:15 +0000 2018,0.0,1.0,0.0,52,@CNN
252,0.361,Sun Jun 03 02:30:11 +0000 2018,0.0,0.865,0.135,53,@CNN
253,0.0,Sat Jun 02 21:30:11 +0000 2018,0.0,1.0,0.0,54,@CNN
254,0.0,Sat Jun 02 16:30:08 +0000 2018,0.0,1.0,0.0,55,@CNN
255,0.0,Sat Jun 02 11:45:00 +0000 2018,0.0,1.0,0.0,56,@CNN
256,-0.103,Sat Jun 02 07:00:07 +0000 2018,0.08,0.92,0.0,57,@CNN
257,0.0,Sat Jun 02 02:45:01 +0000 2018,0.0,1.0,0.0,58,@CNN
258,-0.103,Fri Jun 01 22:53:50 +0000 2018,0.17,0.728,0.102,59,@CNN
259,0.296,Fri Jun 01 18:36:09 +0000 2018,0.0,0.885,0.115,60,@CNN
260,0.0,Fri Jun 01 14:35:00 +0000 2018,0.0,1.0,0.0,61,@CNN
261,0.153,Fri Jun 01 11:16:54 +0000 2018,0.0,0.914,0.086,62,@CNN
262,0.25,Fri Jun 01 09:39:27 +0000 2018,0.102,0.752,0.146,63,@CNN
263,-0.296,Fri Jun 01 08:00:13 +0000 2018,0.171,0.714,0.114,64,@CNN
264,0.0,Fri Jun 01 01:20:01 +0000 2018,0.0,1.0,0.0,65,@CNN
265,0.382,Thu May 31 20:48:00 +0000 2018,0.0,0.867,0.133,66,@CNN
266,0.0,Thu May 31 17:40:00 +0000 2018,0.0,1.0,0.0,67,@CNN
267,0.258,Thu May 31 14:07:05 +0000 2018,0.0,0.908,0.092,68,@CNN
268,0.0,Thu May 31 10:38:05 +0000 2018,0.0,1.0,0.0,69,@CNN
269,0.0,Thu May 31 08:55:25 +0000 2018,0.0,1.0,0.0,70,@CNN
270,0.0,Thu May 31 04:00:00 +0000 2018,0.0,1.0,0.0,71,@CNN
271,0.0,Thu May 31 00:00:06 +0000 2018,0.0,1.0,0.0,72,@CNN
272,0.341,Wed May 30 21:41:13 +0000 2018,0.0,0.806,0.194,73,@CNN
273,-0.477,Wed May 30 19:32:04 +0000 2018,0.279,0.721,0.0,74,@CNN
274,0.494,Wed May 30 16:53:37 +0000 2018,0.0,0.814,0.186,75,@CNN
275,0.052,Wed May 30 14:33:05 +0000 2018,0.103,0.784,0.113,76,@CNN
276,-0.751,Wed May 30 12:17:09 +0000 2018,0.348,0.652,0.0,77,@CNN
277,0.077,Wed May 30 10:04:03 +0000 2018,0.0,0.936,0.064,78,@CNN
278,-0.599,Wed May 30 07:02:05 +0000 2018,0.218,0.782,0.0,79,@CNN
279,0.153,Wed May 30 01:03:30 +0000 2018,0.125,0.714,0.161,80,@CNN
280,0.0,Tue May 29 20:47:04 +0000 2018,0.0,1.0,0.0,81,@CNN
281,0.0,Tue May 29 17:41:00 +0000 2018,0.0,1.0,0.0,82,@CNN
282,-0.077,Tue May 29 14:22:15 +0000 2018,0.056,0.944,0.0,83,@CNN
283,-0.477,Tue May 29 10:32:06 +0000 2018,0.162,0.838,0.0,84,@CNN
284,-0.802,Tue May 29 08:45:05 +0000 2018,0.353,0.647,0.0,85,@CNN
285,0.0,Tue May 29 03:01:07 +0000 2018,0.0,1.0,0.0,86,@CNN
286,0.0,Mon May 28 21:45:00 +0000 2018,0.0,1.0,0.0,87,@CNN
287,0.318,Mon May 28 18:10:00 +0000 2018,0.0,0.887,0.113,88,@CNN
288,0.599,Mon May 28 14:09:22 +0000 2018,0.0,0.83,0.17,89,@CNN
289,-0.542,Mon May 28 09:45:09 +0000 2018,0.222,0.69,0.088,90,@CNN
290,0.178,Mon May 28 04:00:07 +0000 2018,0.077,0.813,0.11,91,@CNN
291,-0.527,Sun May 27 21:45:07 +0000 2018,0.298,0.702,0.0,92,@CNN
292,-0.25,Sun May 27 16:45:05 +0000 2018,0.197,0.657,0.146,93,@CNN
293,0.0,Sun May 27 08:45:06 +0000 2018,0.0,1.0,0.0,94,@CNN
294,0.0,Sat May 26 23:30:17 +0000 2018,0.0,1.0,0.0,95,@CNN
295,0.25,Sat May 26 18:37:13 +0000 2018,0.101,0.756,0.143,96,@CNN
296,0.224,Sat May 26 13:29:06 +0000 2018,0.0,0.9,0.1,97,@CNN
297,-0.178,Sat May 26 06:46:08 +0000 2018,0.144,0.744,0.112,98,@CNN
298,0.0,Sat May 26 02:53:00 +0000 2018,0.0,1.0,0.0,99,@CNN
299,0.0,Sat May 26 01:00:12 +0000 2018,0.0,1.0,0.0,100,@CNN
300,0.0,Fri Jun 08 19:42:24 +0000 2018,0.0,1.0,0.0,1,@FoxNews
301,0.459,Fri Jun 08 17:36:49 +0000 2018,0.0,0.769,0.231,2,@FoxNews
302,0.0,Fri Jun 08 15:02:39 +0000 2018,0.0,1.0,0.0,3,@FoxNews
303,0.625,Fri Jun 08 12:53:24 +0000 2018,0.0,0.76,0.24,4,@FoxNews
304,0.0,Fri Jun 08 11:58:56 +0000 2018,0.0,1.0,0.0,5,@FoxNews
305,-0.273,Fri Jun 08 08:16:00 +0000 2018,0.104,0.896,0.0,6,@FoxNews
306,-0.511,Fri Jun 08 03:30:00 +0000 2018,0.191,0.809,0.0,7,@FoxNews
307,-0.625,Fri Jun 08 01:16:28 +0000 2018,0.421,0.579,0.0,8,@FoxNews
308,-0.273,Thu Jun 07 23:25:45 +0000 2018,0.104,0.896,0.0,9,@FoxNews
309,-0.258,Thu Jun 07 21:23:43 +0000 2018,0.102,0.898,0.0,10,@FoxNews
310,0.599,Thu Jun 07 19:56:18 +0000 2018,0.0,0.766,0.234,11,@FoxNews
311,0.101,Thu Jun 07 18:43:48 +0000 2018,0.113,0.755,0.132,12,@FoxNews
312,-0.44,Thu Jun 07 17:00:11 +0000 2018,0.172,0.828,0.0,13,@FoxNews
313,0.077,Thu Jun 07 14:42:37 +0000 2018,0.135,0.71,0.155,14,@FoxNews
314,-0.751,Thu Jun 07 12:29:35 +0000 2018,0.348,0.652,0.0,15,@FoxNews
315,0.0,Thu Jun 07 08:02:00 +0000 2018,0.0,1.0,0.0,16,@FoxNews
316,0.807,Thu Jun 07 03:06:26 +0000 2018,0.0,0.52,0.48,17,@FoxNews
317,0.0,Thu Jun 07 01:15:33 +0000 2018,0.0,1.0,0.0,18,@FoxNews
318,-0.34,Wed Jun 06 23:01:15 +0000 2018,0.211,0.789,0.0,19,@FoxNews
319,0.052,Wed Jun 06 20:59:48 +0000 2018,0.164,0.658,0.178,20,@FoxNews
320,0.649,Wed Jun 06 19:10:21 +0000 2018,0.0,0.675,0.325,21,@FoxNews
321,0.077,Wed Jun 06 17:31:36 +0000 2018,0.0,0.92,0.08,22,@FoxNews
322,-0.743,Wed Jun 06 16:19:08 +0000 2018,0.31,0.69,0.0,23,@FoxNews
323,0.0,Wed Jun 06 14:16:41 +0000 2018,0.0,1.0,0.0,24,@FoxNews
324,0.0,Wed Jun 06 11:43:00 +0000 2018,0.0,1.0,0.0,25,@FoxNews
325,-0.153,Wed Jun 06 08:50:00 +0000 2018,0.242,0.758,0.0,26,@FoxNews
326,0.0,Wed Jun 06 06:15:00 +0000 2018,0.0,1.0,0.0,27,@FoxNews
327,0.0,Wed Jun 06 04:40:00 +0000 2018,0.0,1.0,0.0,28,@FoxNews
328,-0.25,Wed Jun 06 03:17:36 +0000 2018,0.118,0.882,0.0,29,@FoxNews
329,0.459,Wed Jun 06 01:12:31 +0000 2018,0.0,0.812,0.188,30,@FoxNews
330,-0.382,Tue Jun 05 23:32:16 +0000 2018,0.148,0.852,0.0,31,@FoxNews
331,0.0,Tue Jun 05 21:31:31 +0000 2018,0.0,1.0,0.0,32,@FoxNews
332,0.0,Tue Jun 05 19:24:04 +0000 2018,0.0,1.0,0.0,33,@FoxNews
333,-0.44,Tue Jun 05 16:50:08 +0000 2018,0.244,0.756,0.0,34,@FoxNews
334,0.325,Tue Jun 05 14:33:59 +0000 2018,0.0,0.774,0.226,35,@FoxNews
335,-0.743,Tue Jun 05 12:24:51 +0000 2018,0.477,0.523,0.0,36,@FoxNews
336,-0.296,Tue Jun 05 09:55:00 +0000 2018,0.104,0.896,0.0,37,@FoxNews
337,-0.128,Tue Jun 05 06:55:00 +0000 2018,0.086,0.914,0.0,38,@FoxNews
338,0.527,Tue Jun 05 05:25:00 +0000 2018,0.071,0.714,0.214,39,@FoxNews
339,0.0,Tue Jun 05 03:38:58 +0000 2018,0.0,1.0,0.0,40,@FoxNews
340,-0.178,Tue Jun 05 01:50:17 +0000 2018,0.145,0.855,0.0,41,@FoxNews
341,0.0,Tue Jun 05 00:36:59 +0000 2018,0.0,1.0,0.0,42,@FoxNews
342,0.0,Mon Jun 04 22:52:01 +0000 2018,0.0,1.0,0.0,43,@FoxNews
343,0.0,Mon Jun 04 20:40:34 +0000 2018,0.0,1.0,0.0,44,@FoxNews
344,-0.34,Mon Jun 04 18:17:04 +0000 2018,0.146,0.854,0.0,45,@FoxNews
345,0.0,Mon Jun 04 15:39:47 +0000 2018,0.0,1.0,0.0,46,@FoxNews
346,0.586,Mon Jun 04 13:58:00 +0000 2018,0.0,0.78,0.22,47,@FoxNews
347,-0.625,Mon Jun 04 10:44:39 +0000 2018,0.186,0.814,0.0,48,@FoxNews
348,0.0,Mon Jun 04 08:35:00 +0000 2018,0.0,1.0,0.0,49,@FoxNews
349,-0.341,Mon Jun 04 07:05:00 +0000 2018,0.131,0.869,0.0,50,@FoxNews
350,0.466,Mon Jun 04 05:20:00 +0000 2018,0.086,0.747,0.167,51,@FoxNews
351,-0.296,Mon Jun 04 03:43:00 +0000 2018,0.167,0.833,0.0,52,@FoxNews
352,0.25,Mon Jun 04 01:36:18 +0000 2018,0.0,0.889,0.111,53,@FoxNews
353,0.115,Sun Jun 03 23:12:02 +0000 2018,0.0,0.925,0.075,54,@FoxNews
354,-0.202,Sun Jun 03 20:45:36 +0000 2018,0.107,0.893,0.0,55,@FoxNews
355,0.0,Sun Jun 03 18:56:00 +0000 2018,0.0,1.0,0.0,56,@FoxNews
356,0.226,Sun Jun 03 17:28:37 +0000 2018,0.0,0.899,0.101,57,@FoxNews
357,-0.586,Sun Jun 03 15:34:33 +0000 2018,0.348,0.652,0.0,58,@FoxNews
358,0.34,Sun Jun 03 14:06:13 +0000 2018,0.0,0.87,0.13,59,@FoxNews
359,-0.488,Sun Jun 03 11:22:53 +0000 2018,0.157,0.843,0.0,60,@FoxNews
360,-0.296,Sun Jun 03 08:44:00 +0000 2018,0.18,0.82,0.0,61,@FoxNews
361,-0.341,Sun Jun 03 07:11:00 +0000 2018,0.131,0.869,0.0,62,@FoxNews
362,0.911,Sun Jun 03 05:38:00 +0000 2018,0.0,0.589,0.411,63,@FoxNews
363,-0.67,Sun Jun 03 03:30:01 +0000 2018,0.36,0.64,0.0,64,@FoxNews
364,0.0,Sun Jun 03 01:26:44 +0000 2018,0.0,1.0,0.0,65,@FoxNews
365,-0.361,Sat Jun 02 22:55:07 +0000 2018,0.229,0.643,0.129,66,@FoxNews
366,0.402,Sat Jun 02 20:53:43 +0000 2018,0.0,0.863,0.137,67,@FoxNews
367,0.494,Sat Jun 02 18:21:35 +0000 2018,0.0,0.775,0.225,68,@FoxNews
368,-0.886,Sat Jun 02 15:58:33 +0000 2018,0.449,0.551,0.0,69,@FoxNews
369,0.0,Sat Jun 02 13:37:18 +0000 2018,0.0,1.0,0.0,70,@FoxNews
370,-0.292,Sat Jun 02 10:21:39 +0000 2018,0.195,0.805,0.0,71,@FoxNews
371,0.296,Sat Jun 02 06:10:00 +0000 2018,0.0,0.833,0.167,72,@FoxNews
372,0.318,Sat Jun 02 02:18:40 +0000 2018,0.0,0.874,0.126,73,@FoxNews
373,-0.599,Sat Jun 02 00:16:03 +0000 2018,0.302,0.698,0.0,74,@FoxNews
374,0.202,Fri Jun 01 22:01:05 +0000 2018,0.0,0.927,0.073,75,@FoxNews
375,-0.202,Fri Jun 01 20:09:39 +0000 2018,0.128,0.732,0.14,76,@FoxNews
376,0.0,Fri Jun 01 18:42:30 +0000 2018,0.0,1.0,0.0,77,@FoxNews
377,-0.422,Fri Jun 01 16:30:00 +0000 2018,0.135,0.865,0.0,78,@FoxNews
378,0.0,Fri Jun 01 15:07:21 +0000 2018,0.0,1.0,0.0,79,@FoxNews
379,-0.44,Fri Jun 01 12:32:48 +0000 2018,0.182,0.818,0.0,80,@FoxNews
380,0.0,Fri Jun 01 10:00:01 +0000 2018,0.0,1.0,0.0,81,@FoxNews
381,-0.361,Fri Jun 01 05:17:00 +0000 2018,0.172,0.828,0.0,82,@FoxNews
382,0.0,Fri Jun 01 02:09:58 +0000 2018,0.0,1.0,0.0,83,@FoxNews
383,0.0,Thu May 31 23:59:43 +0000 2018,0.0,1.0,0.0,84,@FoxNews
384,-0.67,Thu May 31 22:12:52 +0000 2018,0.333,0.667,0.0,85,@FoxNews
385,0.0,Thu May 31 20:25:37 +0000 2018,0.0,1.0,0.0,86,@FoxNews
386,-0.644,Thu May 31 18:25:21 +0000 2018,0.325,0.675,0.0,87,@FoxNews
387,-0.382,Thu May 31 16:31:26 +0000 2018,0.191,0.809,0.0,88,@FoxNews
388,-0.557,Thu May 31 14:49:10 +0000 2018,0.247,0.753,0.0,89,@FoxNews
389,-0.527,Thu May 31 12:54:27 +0000 2018,0.254,0.746,0.0,90,@FoxNews
390,0.422,Thu May 31 09:50:00 +0000 2018,0.13,0.616,0.253,91,@FoxNews
391,0.402,Thu May 31 06:45:00 +0000 2018,0.281,0.327,0.392,92,@FoxNews
392,0.0,Thu May 31 05:05:00 +0000 2018,0.0,1.0,0.0,93,@FoxNews
393,0.0,Thu May 31 03:00:29 +0000 2018,0.0,1.0,0.0,94,@FoxNews
394,0.0,Thu May 31 00:54:18 +0000 2018,0.0,1.0,0.0,95,@FoxNews
395,-0.128,Wed May 30 23:04:23 +0000 2018,0.186,0.659,0.156,96,@FoxNews
396,0.318,Wed May 30 20:27:55 +0000 2018,0.0,0.881,0.119,97,@FoxNews
397,-0.052,Wed May 30 18:41:59 +0000 2018,0.177,0.606,0.217,98,@FoxNews
398,0.637,Wed May 30 16:38:21 +0000 2018,0.0,0.741,0.259,99,@FoxNews
399,-0.226,Wed May 30 14:30:30 +0000 2018,0.095,0.905,0.0,100,@FoxNews
400,-0.052,Fri Jun 08 17:31:06 +0000 2018,0.107,0.794,0.098,1,@nytimes
401,-0.477,Fri Jun 08 13:11:04 +0000 2018,0.154,0.846,0.0,2,@nytimes
402,0.699,Fri Jun 08 09:16:02 +0000 2018,0.0,0.757,0.243,3,@nytimes
403,0.34,Fri Jun 08 03:46:05 +0000 2018,0.0,0.862,0.138,4,@nytimes
404,0.0,Thu Jun 07 23:47:05 +0000 2018,0.0,1.0,0.0,5,@nytimes
405,0.0,Thu Jun 07 19:45:07 +0000 2018,0.0,1.0,0.0,6,@nytimes
406,-0.599,Thu Jun 07 16:40:03 +0000 2018,0.157,0.843,0.0,7,@nytimes
407,-0.052,Thu Jun 07 13:15:08 +0000 2018,0.066,0.934,0.0,8,@nytimes
408,0.0,Thu Jun 07 09:15:04 +0000 2018,0.0,1.0,0.0,9,@nytimes
409,0.0,Thu Jun 07 03:34:44 +0000 2018,0.0,1.0,0.0,10,@nytimes
410,-0.226,Wed Jun 06 23:02:03 +0000 2018,0.101,0.899,0.0,11,@nytimes
411,-0.67,Wed Jun 06 19:20:08 +0000 2018,0.214,0.738,0.048,12,@nytimes
412,0.572,Wed Jun 06 16:00:09 +0000 2018,0.0,0.856,0.144,13,@nytimes
413,0.0,Wed Jun 06 12:21:06 +0000 2018,0.0,1.0,0.0,14,@nytimes
414,0.66,Wed Jun 06 08:14:03 +0000 2018,0.0,0.787,0.213,15,@nytimes
415,0.0,Wed Jun 06 05:02:04 +0000 2018,0.0,1.0,0.0,16,@nytimes
416,0.0,Wed Jun 06 01:47:04 +0000 2018,0.0,1.0,0.0,17,@nytimes
417,-0.296,Tue Jun 05 21:58:03 +0000 2018,0.095,0.905,0.0,18,@nytimes
418,-0.782,Tue Jun 05 18:37:02 +0000 2018,0.329,0.671,0.0,19,@nytimes
419,0.0,Tue Jun 05 15:19:45 +0000 2018,0.0,1.0,0.0,20,@nytimes
420,0.076,Tue Jun 05 11:31:05 +0000 2018,0.0,0.903,0.097,21,@nytimes
421,0.0,Tue Jun 05 07:02:07 +0000 2018,0.0,1.0,0.0,22,@nytimes
422,-0.557,Tue Jun 05 01:32:06 +0000 2018,0.167,0.833,0.0,23,@nytimes
423,-0.67,Mon Jun 04 21:20:05 +0000 2018,0.17,0.83,0.0,24,@nytimes
424,-0.382,Mon Jun 04 18:00:05 +0000 2018,0.138,0.78,0.082,25,@nytimes
425,-0.922,Mon Jun 04 15:30:07 +0000 2018,0.504,0.496,0.0,26,@nytimes
426,-0.599,Mon Jun 04 12:00:08 +0000 2018,0.196,0.804,0.0,27,@nytimes
427,-0.382,Mon Jun 04 06:47:15 +0000 2018,0.126,0.874,0.0,28,@nytimes
428,0.477,Mon Jun 04 02:04:13 +0000 2018,0.0,0.866,0.134,29,@nytimes
429,-0.25,Sun Jun 03 22:09:45 +0000 2018,0.667,0.333,0.0,30,@nytimes
430,-0.361,Sun Jun 03 19:15:05 +0000 2018,0.175,0.717,0.108,31,@nytimes
431,-0.727,Sun Jun 03 14:45:07 +0000 2018,0.253,0.747,0.0,32,@nytimes
432,-0.318,Sun Jun 03 09:33:36 +0000 2018,0.18,0.71,0.109,33,@nytimes
433,0.0,Sun Jun 03 03:53:52 +0000 2018,0.0,1.0,0.0,34,@nytimes
434,0.0,Sat Jun 02 22:51:34 +0000 2018,0.0,1.0,0.0,35,@nytimes
435,0.402,Sat Jun 02 18:27:28 +0000 2018,0.0,0.863,0.137,36,@nytimes
436,0.859,Sat Jun 02 14:02:09 +0000 2018,0.0,0.689,0.311,37,@nytimes
437,0.44,Sat Jun 02 08:53:17 +0000 2018,0.0,0.756,0.244,38,@nytimes
438,0.735,Sat Jun 02 03:32:05 +0000 2018,0.0,0.721,0.279,39,@nytimes
439,-0.649,Fri Jun 01 22:32:05 +0000 2018,0.227,0.773,0.0,40,@nytimes
440,0.0,Fri Jun 01 18:44:22 +0000 2018,0.0,1.0,0.0,41,@nytimes
441,0.422,Fri Jun 01 15:53:05 +0000 2018,0.0,0.859,0.141,42,@nytimes
442,0.153,Fri Jun 01 12:14:04 +0000 2018,0.114,0.702,0.184,43,@nytimes
443,-0.226,Fri Jun 01 07:32:02 +0000 2018,0.107,0.829,0.063,44,@nytimes
444,-0.103,Fri Jun 01 02:17:06 +0000 2018,0.127,0.763,0.11,45,@nytimes
445,0.67,Thu May 31 21:18:06 +0000 2018,0.0,0.784,0.216,46,@nytimes
446,0.382,Thu May 31 16:55:05 +0000 2018,0.0,0.833,0.167,47,@nytimes
447,0.0,Thu May 31 13:43:02 +0000 2018,0.0,1.0,0.0,48,@nytimes
448,-0.361,Thu May 31 09:30:06 +0000 2018,0.111,0.889,0.0,49,@nytimes
449,0.44,Thu May 31 04:21:50 +0000 2018,0.0,0.873,0.127,50,@nytimes
450,0.013,Wed May 30 23:47:03 +0000 2018,0.0,0.945,0.055,51,@nytimes
451,0.25,Wed May 30 19:30:05 +0000 2018,0.0,0.9,0.1,52,@nytimes
452,0.178,Wed May 30 16:20:04 +0000 2018,0.0,0.914,0.086,53,@nytimes
453,-0.34,Wed May 30 12:44:07 +0000 2018,0.112,0.888,0.0,54,@nytimes
454,0.0,Wed May 30 07:47:03 +0000 2018,0.0,1.0,0.0,55,@nytimes
455,0.0,Wed May 30 02:32:07 +0000 2018,0.0,1.0,0.0,56,@nytimes
456,-0.832,Tue May 29 21:51:04 +0000 2018,0.317,0.683,0.0,57,@nytimes
457,0.273,Tue May 29 18:23:07 +0000 2018,0.0,0.884,0.116,58,@nytimes
458,0.0,Tue May 29 15:43:04 +0000 2018,0.0,1.0,0.0,59,@nytimes
459,-0.402,Tue May 29 12:15:05 +0000 2018,0.165,0.733,0.103,60,@nytimes
460,-0.751,Tue May 29 07:21:05 +0000 2018,0.252,0.748,0.0,61,@nytimes
461,-0.751,Tue May 29 02:03:38 +0000 2018,0.262,0.738,0.0,62,@nytimes
462,0.511,Mon May 28 21:47:04 +0000 2018,0.0,0.845,0.155,63,@nytimes
463,0.0,Mon May 28 16:55:48 +0000 2018,0.0,1.0,0.0,64,@nytimes
464,0.0,Mon May 28 11:34:04 +0000 2018,0.0,1.0,0.0,65,@nytimes
465,-0.361,Mon May 28 06:06:00 +0000 2018,0.102,0.898,0.0,66,@nytimes
466,0.0,Mon May 28 00:39:52 +0000 2018,0.09,0.82,0.09,67,@nytimes
467,-0.477,Sun May 27 20:40:05 +0000 2018,0.147,0.853,0.0,68,@nytimes
468,0.0,Sun May 27 17:08:03 +0000 2018,0.0,1.0,0.0,69,@nytimes
469,0.077,Sun May 27 13:48:08 +0000 2018,0.0,0.936,0.064,70,@nytimes
470,-0.681,Sun May 27 09:30:09 +0000 2018,0.211,0.789,0.0,71,@nytimes
471,0.0,Sun May 27 03:54:55 +0000 2018,0.0,1.0,0.0,72,@nytimes
472,-0.382,Sat May 26 22:17:25 +0000 2018,0.178,0.822,0.0,73,@nytimes
473,-0.459,Sat May 26 18:00:12 +0000 2018,0.15,0.85,0.0,74,@nytimes
474,0.612,Sat May 26 13:17:04 +0000 2018,0.105,0.639,0.256,75,@nytimes
475,0.0,Sat May 26 08:29:20 +0000 2018,0.0,1.0,0.0,76,@nytimes
476,0.477,Sat May 26 03:02:02 +0000 2018,0.0,0.796,0.204,77,@nytimes
477,0.625,Fri May 25 22:17:07 +0000 2018,0.0,0.661,0.339,78,@nytimes
478,0.0,Fri May 25 18:37:00 +0000 2018,0.0,1.0,0.0,79,@nytimes
479,0.527,Fri May 25 16:03:44 +0000 2018,0.0,0.861,0.139,80,@nytimes
480,-0.778,Fri May 25 12:14:00 +0000 2018,0.286,0.714,0.0,81,@nytimes
481,0.0,Fri May 25 07:17:03 +0000 2018,0.0,1.0,0.0,82,@nytimes
482,0.0,Fri May 25 02:02:03 +0000 2018,0.0,1.0,0.0,83,@nytimes
483,0.852,Thu May 24 21:00:18 +0000 2018,0.0,0.671,0.329,84,@nytimes
484,0.784,Thu May 24 17:30:19 +0000 2018,0.0,0.743,0.257,85,@nytimes
485,0.866,Thu May 24 14:17:07 +0000 2018,0.0,0.65,0.35,86,@nytimes
486,0.0,Thu May 24 10:07:07 +0000 2018,0.0,1.0,0.0,87,@nytimes
487,0.0,Thu May 24 04:02:04 +0000 2018,0.0,1.0,0.0,88,@nytimes
488,-0.153,Wed May 23 23:32:05 +0000 2018,0.126,0.772,0.102,89,@nytimes
489,0.318,Wed May 23 19:30:18 +0000 2018,0.0,0.874,0.126,90,@nytimes
490,-0.372,Wed May 23 16:30:11 +0000 2018,0.157,0.843,0.0,91,@nytimes
491,0.0,Wed May 23 12:46:07 +0000 2018,0.086,0.827,0.086,92,@nytimes
492,0.285,Wed May 23 07:32:06 +0000 2018,0.0,0.844,0.156,93,@nytimes
493,-0.599,Wed May 23 03:02:04 +0000 2018,0.218,0.782,0.0,94,@nytimes
494,0.0,Tue May 22 22:47:03 +0000 2018,0.0,1.0,0.0,95,@nytimes
495,-0.527,Tue May 22 18:52:04 +0000 2018,0.152,0.848,0.0,96,@nytimes
496,0.637,Tue May 22 15:42:02 +0000 2018,0.0,0.785,0.215,97,@nytimes
497,0.0,Tue May 22 12:15:05 +0000 2018,0.0,1.0,0.0,98,@nytimes
498,0.0,Tue May 22 07:17:04 +0000 2018,0.0,1.0,0.0,99,@nytimes
499,0.84,Tue May 22 02:02:03 +0000 2018,0.0,0.733,0.267,100,@nytimes
